,accuracy,f1,precision,recall
0,0.515222482436,0.477545301549,0.485734500146,0.515222482436
1,0.520481927711,0.486393701104,0.498196058483,0.520481927711
2,0.593434343434,0.552718144157,0.548787569967,0.593434343434
3,0.566666666667,0.517920123418,0.543139331374,0.566666666667
4,0.550264550265,0.515781495245,0.522987619709,0.550264550265
