,accuracy,f1,precision,recall
0,0.56206088993,0.523900965947,0.517370115532,0.564402810304
1,0.61686746988,0.563797154819,0.556260353203,0.614457831325
2,0.633838383838,0.613590318206,0.605524491983,0.643939393939
3,0.641025641026,0.600751726267,0.592584674129,0.633333333333
4,0.592592592593,0.553404938837,0.533248733319,0.589947089947
