,accuracy,f1,precision,recall
0,0.592116538132,0.585557814105,0.589264128611,0.592116538132
1,0.645438898451,0.640080424138,0.645378352699,0.645438898451
2,0.601380500431,0.593240434632,0.595706625417,0.601380500431
3,0.599826388889,0.593729639722,0.597290963105,0.599826388889
4,0.608544027899,0.599737582603,0.600984649864,0.608544027899
