,accuracy,f1,precision,recall
0,0.577390385631,0.559563334722,0.562553717179,0.577390385631
1,0.560911016949,0.544711886643,0.547293657168,0.560911016949
2,0.579479000532,0.564063865666,0.569829222558,0.579479000532
3,0.585820895522,0.571219841744,0.573944332897,0.585820895522
4,0.583065380493,0.565539586821,0.568258161332,0.583065380493
