,Account Management,Billing & Payments,Complaints,"Discounts, Offers, Promotions",Disputes,Fees and charges,Fraud,"Modifications, Cancellation and Refunds",Ordering Process,Product or Service Details,Product or Service Quality issues,Purchase Pricing Enquiry,Scheduling Appointments,Shipping  & Order Status,Warranty & Repairs,Website Issue
precision,0.873786407767,0.836956521739,1.0,0.876146788991,0.758064516129,0.871212121212,0.0,0.843373493976,0.0,0.875,0.765306122449,0.814814814815,0.793103448276,0.791666666667,0.944444444444,1.0
recall,0.915254237288,0.891891891892,0.444444444444,0.92270531401,0.701492537313,0.891472868217,0.0,0.777777777778,0.0,0.976744186047,0.789473684211,0.88,0.766666666667,0.863636363636,0.414634146341,0.8125
fbeta0_5,0.88177661659,0.847395451211,0.8,0.885078776645,0.746031746032,0.875190258752,0.0,0.829383886256,0.0,0.893617021277,0.770020533881,0.827067669173,0.787671232877,0.805084745763,0.752212389381,0.955882352941
f1,0.894039735099,0.863551401869,0.615384615385,0.898823529412,0.728682170543,0.88122605364,0.0,0.809248554913,0.0,0.923076923077,0.777202072539,0.846153846154,0.779661016949,0.826086956522,0.576271186441,0.896551724138
fbeta2,0.906648757555,0.880335365854,0.5,0.913001912046,0.712121212121,0.887345679012,0.0,0.79006772009,0.0,0.954545454545,0.784518828452,0.866141732283,0.771812080537,0.848214285714,0.467032967033,0.844155844156
accuracy,0.844873501997,0.844873501997,0.844873501997,0.844873501997,0.844873501997,0.844873501997,0.844873501997,0.844873501997,0.844873501997,0.844873501997,0.844873501997,0.844873501997,0.844873501997,0.844873501997,0.844873501997,0.844873501997
jaccard,0.844873501997,0.844873501997,0.844873501997,0.844873501997,0.844873501997,0.844873501997,0.844873501997,0.844873501997,0.844873501997,0.844873501997,0.844873501997,0.844873501997,0.844873501997,0.844873501997,0.844873501997,0.844873501997
hamming loss,0.155126498003,0.155126498003,0.155126498003,0.155126498003,0.155126498003,0.155126498003,0.155126498003,0.155126498003,0.155126498003,0.155126498003,0.155126498003,0.155126498003,0.155126498003,0.155126498003,0.155126498003,0.155126498003
zeroOneLoss,0.155126498003,0.155126498003,0.155126498003,0.155126498003,0.155126498003,0.155126498003,0.155126498003,0.155126498003,0.155126498003,0.155126498003,0.155126498003,0.155126498003,0.155126498003,0.155126498003,0.155126498003,0.155126498003
