,accuracy,f1,precision,recall
0,0.642292490119,0.635571752522,0.644809874927,0.642292490119
1,0.652777777778,0.642503580735,0.645086257592,0.652777777778
2,0.666666666667,0.649920492843,0.65296824529,0.666666666667
3,0.706827309237,0.696561230652,0.702540604958,0.706827309237
4,0.648484848485,0.636366573035,0.644141046746,0.648484848485
